﻿designator,quantity,value,pack,mpn,mount_type
C1,1,1000uF,CP_Radial_D13.0mm_P5.00mm,,tht
D1,1,1N4001,D_DO-41_SOD81_P10.16mm_Horizontal,,tht
"D2, D3, D4",3,LED,LED_D5.0mm,,tht
"F1, F2, F3, F4",4,Fuse,Fuseholder_Blade_Mini_Keystone_3568,,tht
"H1, H2, H3, H4",4,MountingHole,MountingHole_3.2mm_M3_DIN965_Pad_TopBottom,,tht
J2,1,Conn_02x03_Counter_Clockwise,DIP-6_W7.62mm_LongPads,,tht
"J3, J4, J5, J7",4,Screw_Terminal_01x03,TerminalBlock_bornier-3_P5.08mm,,tht
J6,1,Screw_Terminal_01x02,TerminalBlock_bornier-2_P5.08mm,,tht
K1,1,Relay_SPDT,Relay_SPDT_Omron_G2RL-1-E,,tht
Q1,1,BC337,TO-92_Inline,,tht
"R1, R2, R3, R4",4,62R,R_Axial_DIN0207_L6.3mm_D2.5mm_P10.16mm_Horizontal,,tht
"R10, R9",2,10k,R_Axial_DIN0207_L6.3mm_D2.5mm_P10.16mm_Horizontal,,tht
"R5, R8",2,150R,R_Axial_DIN0207_L6.3mm_D2.5mm_P10.16mm_Horizontal,,tht
"R6, R7",2,R,R_Axial_DIN0207_L6.3mm_D2.5mm_P10.16mm_Horizontal,,tht
"SW1, SW2",2,SW_Push,SW_PUSH-12mm_Wuerth-430476085716,,tht
U1,1,ESP32-DevKitC,ESP32-DevKitC,,tht
U2,1,74125,DIP-14_W7.62mm_LongPads,,tht
U3,1,PC817,DIP-4_W7.62mm,,tht
