﻿pos_x,pos_y,rotation,side,designator,mpn,pack,value,mount_type,place
101.045,-80.645,0.0,top,C1,,CP_Radial_D13.0mm_P5.00mm,1000uF,tht,True
113.6625,-75.3025,0.0,top,D1,,D_DO-41_SOD81_P10.16mm_Horizontal,1N4001,tht,True
106.68,-61.6,90.0,top,D2,,LED_D5.0mm,LED,tht,True
117.475,-61.595,90.0,top,D3,,LED_D5.0mm,LED,tht,True
128.905,-61.595,90.0,top,D4,,LED_D5.0mm,LED,tht,True
110.285,-117.595,-90.0,top,F1,,Fuseholder_Blade_Mini_Keystone_3568,Fuse,tht,True
128.7,-117.595,-90.0,top,F2,,Fuseholder_Blade_Mini_Keystone_3568,Fuse,tht,True
147.115,-117.595,-90.0,top,F3,,Fuseholder_Blade_Mini_Keystone_3568,Fuse,tht,True
164.895,-117.595,-90.0,top,F4,,Fuseholder_Blade_Mini_Keystone_3568,Fuse,tht,True
99.06,-57.785,0.0,top,H1,,MountingHole_3.2mm_M3_DIN965_Pad_TopBottom,MountingHole,tht,True
180.34,-57.785,0.0,top,H2,,MountingHole_3.2mm_M3_DIN965_Pad_TopBottom,MountingHole,tht,True
99.06,-139.065,0.0,top,H3,,MountingHole_3.2mm_M3_DIN965_Pad_TopBottom,MountingHole,tht,True
180.34,-139.065,0.0,top,H4,,MountingHole_3.2mm_M3_DIN965_Pad_TopBottom,MountingHole,tht,True
174.005,-110.505,90.0,top,J2,,DIP-6_W7.62mm_LongPads,Conn_02x03_Counter_Clockwise,tht,True
144.145,-137.16,0.0,top,J3,,TerminalBlock_bornier-3_P5.08mm,Screw_Terminal_01x03,tht,True
161.925,-137.16,0.0,top,J4,,TerminalBlock_bornier-3_P5.08mm,Screw_Terminal_01x03,tht,True
125.73,-137.16,0.0,top,J5,,TerminalBlock_bornier-3_P5.08mm,Screw_Terminal_01x03,tht,True
100.965,-95.885,-90.0,top,J6,,TerminalBlock_bornier-2_P5.08mm,Screw_Terminal_01x02,tht,True
107.315,-137.16,0.0,top,J7,,TerminalBlock_bornier-3_P5.08mm,Screw_Terminal_01x03,tht,True
115.055,-81.045,0.0,top,K1,,Relay_SPDT_Omron_G2RL-1-E,Relay_SPDT,tht,True
100.965,-109.22,-90.0,top,Q1,,TO-92_Inline,BC337,tht,True
118.11,-131.445,90.0,top,R1,,R_Axial_DIN0207_L6.3mm_D2.5mm_P10.16mm_Horizontal,62R,tht,True
174.625,-65.405,90.0,top,R10,,R_Axial_DIN0207_L6.3mm_D2.5mm_P10.16mm_Horizontal,10k,tht,True
136.525,-131.445,90.0,top,R2,,R_Axial_DIN0207_L6.3mm_D2.5mm_P10.16mm_Horizontal,62R,tht,True
154.94,-131.445,90.0,top,R3,,R_Axial_DIN0207_L6.3mm_D2.5mm_P10.16mm_Horizontal,62R,tht,True
172.72,-131.445,90.0,top,R4,,R_Axial_DIN0207_L6.3mm_D2.5mm_P10.16mm_Horizontal,62R,tht,True
111.76,-65.405,90.0,top,R5,,R_Axial_DIN0207_L6.3mm_D2.5mm_P10.16mm_Horizontal,150R,tht,True
123.19,-65.405,90.0,top,R6,,R_Axial_DIN0207_L6.3mm_D2.5mm_P10.16mm_Horizontal,R,tht,True
100.965,-131.445,90.0,top,R7,,R_Axial_DIN0207_L6.3mm_D2.5mm_P10.16mm_Horizontal,R,tht,True
133.985,-65.405,90.0,top,R8,,R_Axial_DIN0207_L6.3mm_D2.5mm_P10.16mm_Horizontal,150R,tht,True
154.305,-65.405,90.0,top,R9,,R_Axial_DIN0207_L6.3mm_D2.5mm_P10.16mm_Horizontal,10k,tht,True
150.495,-63.42,180.0,top,SW1,,SW_PUSH-12mm_Wuerth-430476085716,SW_Push,tht,True
170.715,-63.46,180.0,top,SW2,,SW_PUSH-12mm_Wuerth-430476085716,SW_Push,tht,True
176.53,-69.85,-90.0,top,U1,,ESP32-DevKitC,ESP32-DevKitC,tht,True
147.32,-110.49,90.0,top,U2,,DIP-14_W7.62mm_LongPads,74125,tht,True
132.71,-110.48,90.0,top,U3,,DIP-4_W7.62mm,PC817,tht,True
